{
  "bleu": 0.2288981820596718,
  "rouge1": 0.42152584004682736,
  "rouge2": 0.28994267343190155,
  "rougeL": 0.36348047317158777,
  "bertscore_precision": 0.8287312543392181,
  "bertscore_recall": 0.824889914393425,
  "bertscore_f1": 0.825436749458313
}